Sample	KIR3DL3_Copy_number	KIR3DL3_Calls	KIR2DL3_Copy_number	KIR2DL3_Calls	KIR2DL2_Copy_number	KIR2DL2_Calls	KIR2DL1_Copy_number	KIR2DL1_Calls	KIR2DL4_Copy_number	KIR2DL4_Calls	KIR3DL1_Copy_number	KIR3DL1_Calls	KIR3DL2_Copy_number	KIR3DL2_Calls	KIR2DS4_Copy_number	KIR2DS4_Calls	KIR2DP1_Copy_number	KIR2DP1_Calls	KIR2DS2_Copy_number	KIR2DS2_Calls
SIM001	2	KIR3DL3*00201+KIR3DL3*00901;KIR3DL3*00201+KIR3DL3*00906	0	KIR2DL3*null	0	KIR2DL2*null	2	KIR2DL1*0040109+KIR2DL1*0040109;KIR2DL1*00302+KIR2DL1*0040109	2	KIR2DL4*0010201+KIR2DL4*0080101	2	KIR3DL1*0010103+KIR3DL1*0010103;KIR3DL1*0010103+KIR3DL1*0020103	2	KIR3DL2*0010101+KIR3DL2*0010101;KIR3DL2*0010101+KIR3DL2*00701	2	KIR2DS4*0010101+KIR2DS4*0010101;KIR2DS4*0010101+KIR2DS4*0030101	2	KIR2DP1*0010201+KIR2DP1*007	0	KIR2DS2*null
SIM002	2	KIR3DL3*unresolved	2	KIR2DL3*0010101+KIR2DL3*0010101	2	KIR2DL2*0010102+KIR2DL2*0010102	2	KIR2DL1*00201+KIR2DL1*00302	2	KIR2DL4*0010201+KIR2DL4*0080101	2	KIR3DL1*0010103+KIR3DL1*01502;KIR3DL1*0010103+KIR3DL1*0010103	2	KIR3DL2*00701+KIR3DL2*00701	2	KIR2DS4*0030101+KIR2DS4*0030101	0	KIR2DP1*null	0	KIR2DS2*null
SIM003	2	KIR3DL3*unresolved	2	KIR2DL3*0010101+KIR2DL3*006	2	KIR2DL2*0010102+KIR2DL2*00301	2	KIR2DL1*00201+KIR2DL1*0040109;KIR2DL1*00201+KIR2DL1*00302	2	KIR2DL4*unresolved	2	KIR3DL1*0010103+KIR3DL1*0020103	2	KIR3DL2*0010101+KIR3DL2*0020101	2	KIR2DS4*0030101+KIR2DS4*0030101	2	KIR2DP1*0010201+KIR2DP1*0010201	0	KIR2DS2*null
SIM004	2	KIR3DL3*00201+KIR3DL3*0080101	2	KIR2DL3*00201+KIR2DL3*006	0	KIR2DL2*null	2	KIR2DL1*00201+KIR2DL1*00303	2	KIR2DL4*0010201+KIR2DL4*0080101;KIR2DL4*0010201+KIR2DL4*0050107	2	KIR3DL1*0020103+KIR3DL1*01502	2	KIR3DL2*0010101+KIR3DL2*0010101	0	KIR2DS4*null	0	KIR2DP1*null	2	KIR2DS2*0010124+KIR2DS2*0010124;KIR2DS2*00101+KIR2DS2*0010124
SIM005	2	KIR3DL3*00201+KIR3DL3*00906;KIR3DL3*00201+KIR3DL3*0080101	2	KIR2DL3*0010101+KIR2DL3*00201	2	KIR2DL2*0010102+KIR2DL2*00301;KIR2DL2*0010102+KIR2DL2*0010102	2	KIR2DL1*00302+KIR2DL1*00302	2	KIR2DL4*0010201+KIR2DL4*0080101;KIR2DL4*0050107+KIR2DL4*0080101	2	KIR3DL1*0020103+KIR3DL1*0020103	2	KIR3DL2*unresolved	2	KIR2DS4*0030101+KIR2DS4*0030101	2	KIR2DP1*0010201+KIR2DP1*0010201	2	KIR2DS2*00101+KIR2DS2*00101
SIM006	2	KIR3DL3*0080101+KIR3DL3*00906;KIR3DL3*00901+KIR3DL3*00906	2	KIR2DL3*0010101+KIR2DL3*00201	0	KIR2DL2*null	2	KIR2DL1*00302+KIR2DL1*00303;KIR2DL1*00303+KIR2DL1*00303	2	KIR2DL4*0050107+KIR2DL4*0080101	2	KIR3DL1*0010103+KIR3DL1*01502	2	KIR3DL2*0020101+KIR3DL2*0020101	2	KIR2DS4*0030101+KIR2DS4*0030101	2	KIR2DP1*0010201+KIR2DP1*0010201	0	KIR2DS2*null
SIM007	2	KIR3DL3*00201+KIR3DL3*0080101	2	KIR2DL3*unresolved	2	KIR2DL2*0010102+KIR2DL2*0010102	2	KIR2DL1*00302+KIR2DL1*0040109	2	KIR2DL4*0010201+KIR2DL4*0080101	2	KIR3DL1*0020103+KIR3DL1*01502	2	KIR3DL2*00701+KIR3DL2*00701	2	KIR2DS4*0010101+KIR2DS4*0030101	2	KIR2DP1*0010201+KIR2DP1*0010201	2	KIR2DS2*0010124+KIR2DS2*0010124
SIM008	2	KIR3DL3*unresolved	2	KIR2DL3*00201+KIR2DL3*00201	0	KIR2DL2*null	2	KIR2DL1*00302+KIR2DL1*0040109	2	KIR2DL4*0010201+KIR2DL4*0080101	0	KIR3DL1*null	2	KIR3DL2*0010101+KIR3DL2*0020101	2	KIR2DS4*0010101+KIR2DS4*0030101	2	KIR2DP1*unresolved	0	KIR2DS2*null
SIM009	2	KIR3DL3*00201+KIR3DL3*0080101	2	KIR2DL3*0010101+KIR2DL3*00201	2	KIR2DL2*0010102+KIR2DL2*00301	2	KIR2DL1*00302+KIR2DL1*00303	2	KIR2DL4*0010201+KIR2DL4*0080101	2	KIR3DL1*0020103+KIR3DL1*01502	2	KIR3DL2*0010101+KIR3DL2*00701;KIR3DL2*0010101+KIR3DL2*0010101	2	KIR2DS4*0010101+KIR2DS4*0030101	2	KIR2DP1*0010201+KIR2DP1*007;KIR2DP1*0010201+KIR2DP1*0010201	0	KIR2DS2*null
SIM010	2	KIR3DL3*00201+KIR3DL3*00201	2	KIR2DL3*0010101+KIR2DL3*00201	2	KIR2DL2*0010102+KIR2DL2*00301	2	KIR2DL1*00302+KIR2DL1*00303;KIR2DL1*00303+KIR2DL1*00303	2	KIR2DL4*0080101+KIR2DL4*0080101;KIR2DL4*0010201+KIR2DL4*0080101	2	KIR3DL1*0010103+KIR3DL1*0010103	2	KIR3DL2*0010101+KIR3DL2*0010101	2	KIR2DS4*0030101+KIR2DS4*0030101	2	KIR2DP1*0010201+KIR2DP1*0010201	0	KIR2DS2*null
SIM011	2	KIR3DL3*00901+KIR3DL3*00901	2	KIR2DL3*0010101+KIR2DL3*00201	2	KIR2DL2*0010102+KIR2DL2*00301	2	KIR2DL1*00302+KIR2DL1*00302	2	KIR2DL4*unresolved	2	KIR3DL1*0010103+KIR3DL1*0010103	2	KIR3DL2*unresolved	2	KIR2DS4*0010101+KIR2DS4*0030101	2	KIR2DP1*0010201+KIR2DP1*0010201	2	KIR2DS2*0010124+KIR2DS2*0010124;KIR2DS2*00101+KIR2DS2*0010124
SIM012	2	KIR3DL3*00901+KIR3DL3*00901;KIR3DL3*00201+KIR3DL3*00901	2	KIR2DL3*0010101+KIR2DL3*00201;KIR2DL3*0010101+KIR2DL3*006	0	KIR2DL2*null	2	KIR2DL1*00201+KIR2DL1*00302	2	KIR2DL4*0050107+KIR2DL4*0080101	2	KIR3DL1*unresolved	2	KIR3DL2*unresolved	2	KIR2DS4*0030101+KIR2DS4*0030101	2	KIR2DP1*0010201+KIR2DP1*007	0	KIR2DS2*null
SIM013	2	KIR3DL3*00201+KIR3DL3*00901	2	KIR2DL3*0010101+KIR2DL3*006	2	KIR2DL2*0010102+KIR2DL2*00301	2	KIR2DL1*00302+KIR2DL1*00302	2	KIR2DL4*0010201+KIR2DL4*0010201	2	KIR3DL1*0010103+KIR3DL1*0020103;KIR3DL1*0010103+KIR3DL1*0010103	2	KIR3DL2*0010101+KIR3DL2*0010101	2	KIR2DS4*0010101+KIR2DS4*0030101	2	KIR2DP1*0010201+KIR2DP1*007	0	KIR2DS2*null
SIM014	2	KIR3DL3*00201+KIR3DL3*00906	2	KIR2DL3*0010101+KIR2DL3*00201	0	KIR2DL2*null	2	KIR2DL1*00201+KIR2DL1*00303	2	KIR2DL4*0050107+KIR2DL4*0080101	2	KIR3DL1*0020103+KIR3DL1*01502;KIR3DL1*0020103+KIR3DL1*0020103	2	KIR3DL2*0010101+KIR3DL2*0010101	2	KIR2DS4*0010101+KIR2DS4*0030101	2	KIR2DP1*0010201+KIR2DP1*007	2	KIR2DS2*0010124+KIR2DS2*0010124
SIM015	2	KIR3DL3*0080101+KIR3DL3*00906;KIR3DL3*0080101+KIR3DL3*0080101	2	KIR2DL3*0010101+KIR2DL3*0010101	0	KIR2DL2*null	2	KIR2DL1*00201+KIR2DL1*00302	2	KIR2DL4*0010201+KIR2DL4*0080101	2	KIR3DL1*unresolved	2	KIR3DL2*0020101+KIR3DL2*0020101	2	KIR2DS4*0010101+KIR2DS4*0030101	0	KIR2DP1*null	2	KIR2DS2*0010124+KIR2DS2*0010124
SIM016	2	KIR3DL3*00201+KIR3DL3*00906	2	KIR2DL3*unresolved	0	KIR2DL2*null	2	KIR2DL1*0040109+KIR2DL1*0040109	2	KIR2DL4*0010201+KIR2DL4*0080101	2	KIR3DL1*0010103+KIR3DL1*0020103;KIR3DL1*0010103+KIR3DL1*01502	2	KIR3DL2*0020101+KIR3DL2*0020101	2	KIR2DS4*0030101+KIR2DS4*0030101	2	KIR2DP1*0010201+KIR2DP1*0010201	2	KIR2DS2*0010124+KIR2DS2*0010124
SIM017	2	KIR3DL3*00901+KIR3DL3*00901	2	KIR2DL3*unresolved	0	KIR2DL2*null	2	KIR2DL1*00302+KIR2DL1*0040109	2	KIR2DL4*0080101+KIR2DL4*0080101	2	KIR3DL1*0020103+KIR3DL1*0020103	2	KIR3DL2*0010101+KIR3DL2*00701	0	KIR2DS4*null	2	KIR2DP1*0010201+KIR2DP1*0010201	0	KIR2DS2*null
SIM018	2	KIR3DL3*00901+KIR3DL3*00901	2	KIR2DL3*0010101+KIR2DL3*00201;KIR2DL3*0010101+KIR2DL3*006	2	KIR2DL2*0010102+KIR2DL2*0010102	2	KIR2DL1*00302+KIR2DL1*00303	2	KIR2DL4*0010201+KIR2DL4*0080101	2	KIR3DL1*0010103+KIR3DL1*0020103	2	KIR3DL2*0010101+KIR3DL2*0020101	2	KIR2DS4*0010101+KIR2DS4*0030101	2	KIR2DP1*0010201+KIR2DP1*0010201	0	KIR2DS2*null
SIM019	2	KIR3DL3*0080101+KIR3DL3*0080101;KIR3DL3*0080101+KIR3DL3*00901	2	KIR2DL3*0010101+KIR2DL3*00201	2	KIR2DL2*0010102+KIR2DL2*00301	2	KIR2DL1*unresolved	2	KIR2DL4*0050107+KIR2DL4*0050107	2	KIR3DL1*0020103+KIR3DL1*01502	2	KIR3DL2*00701+KIR3DL2*00701	2	KIR2DS4*0010101+KIR2DS4*0010101;KIR2DS4*0010101+KIR2DS4*0030101	0	KIR2DP1*null	0	KIR2DS2*null
SIM020	2	KIR3DL3*00201+KIR3DL3*00901	2	KIR2DL3*0010101+KIR2DL3*0010101	0	KIR2DL2*null	2	KIR2DL1*00303+KIR2DL1*00303	2	KIR2DL4*0010201+KIR2DL4*0080101	2	KIR3DL1*0010103+KIR3DL1*0010103;KIR3DL1*0010103+KIR3DL1*01502	2	KIR3DL2*00701+KIR3DL2*00701	2	KIR2DS4*0010101+KIR2DS4*0010101	2	KIR2DP1*0010201+KIR2DP1*007	2	KIR2DS2*00101+KIR2DS2*0010124
SIM021	2	KIR3DL3*unresolved	2	KIR2DL3*unresolved	0	KIR2DL2*null	2	KIR2DL1*00303+KIR2DL1*0040109	2	KIR2DL4*0050107+KIR2DL4*0050107;KIR2DL4*0050107+KIR2DL4*0080101	0	KIR3DL1*null	2	KIR3DL2*00701+KIR3DL2*00701	2	KIR2DS4*0010101+KIR2DS4*0030101	0	KIR2DP1*null	0	KIR2DS2*null
SIM022	2	KIR3DL3*00901+KIR3DL3*00901	2	KIR2DL3*0010101+KIR2DL3*0010101	0	KIR2DL2*null	2	KIR2DL1*00302+KIR2DL1*0040109;KIR2DL1*00201+KIR2DL1*0040109	2	KIR2DL4*unresolved	2	KIR3DL1*0010103+KIR3DL1*0020103	2	KIR3DL2*0020101+KIR3DL2*00701	2	KIR2DS4*0010101+KIR2DS4*0010101;KIR2DS4*0010101+KIR2DS4*0030101	2	KIR2DP1*0010201+KIR2DP1*007	2	KIR2DS2*0010124+KIR2DS2*0010124
SIM023	2	KIR3DL3*00201+KIR3DL3*00906	2	KIR2DL3*00201+KIR2DL3*00201	2	KIR2DL2*0010102+KIR2DL2*0010102	2	KIR2DL1*00302+KIR2DL1*00303	2	KIR2DL4*0010201+KIR2DL4*0080101	2	KIR3DL1*unresolved	2	KIR3DL2*0010101+KIR3DL2*0010101	2	KIR2DS4*0010101+KIR2DS4*0030101;KIR2DS4*0010101+KIR2DS4*0010101	2	KIR2DP1*0010201+KIR2DP1*007	0	KIR2DS2*null
SIM024	2	KIR3DL3*00901+KIR3DL3*00901;KIR3DL3*00201+KIR3DL3*00901	2	KIR2DL3*0010101+KIR2DL3*0010101	0	KIR2DL2*null	2	KIR2DL1*00303+KIR2DL1*0040109	2	KIR2DL4*0010201+KIR2DL4*0080101	2	KIR3DL1*0010103+KIR3DL1*01502;KIR3DL1*01502+KIR3DL1*01502	2	KIR3DL2*00701+KIR3DL2*00701	2	KIR2DS4*0010101+KIR2DS4*0010101	0	KIR2DP1*null	0	KIR2DS2*null
SIM025	2	KIR3DL3*00201+KIR3DL3*00201	2	KIR2DL3*0010101+KIR2DL3*006;KIR2DL3*0010101+KIR2DL3*0010101	0	KIR2DL2*null	2	KIR2DL1*00302+KIR2DL1*0040109	2	KIR2DL4*0010201+KIR2DL4*0080101;KIR2DL4*0080101+KIR2DL4*0080101	2	KIR3DL1*01502+KIR3DL1*01502	2	KIR3DL2*0010101+KIR3DL2*0020101	2	KIR2DS4*0010101+KIR2DS4*0010101	2	KIR2DP1*0010201+KIR2DP1*007;KIR2DP1*007+KIR2DP1*007	2	KIR2DS2*00101+KIR2DS2*0010124;KIR2DS2*00101+KIR2DS2*00101
SIM026	2	KIR3DL3*0080101+KIR3DL3*00901	2	KIR2DL3*unresolved	0	KIR2DL2*null	2	KIR2DL1*00303+KIR2DL1*0040109	2	KIR2DL4*0010201+KIR2DL4*0080101	2	KIR3DL1*0010103+KIR3DL1*0020103	2	KIR3DL2*0010101+KIR3DL2*0020101	2	KIR2DS4*0010101+KIR2DS4*0030101	0	KIR2DP1*null	2	KIR2DS2*0010124+KIR2DS2*0010124
SIM027	2	KIR3DL3*0080101+KIR3DL3*0080101	2	KIR2DL3*0010101+KIR2DL3*0010101	2	KIR2DL2*00301+KIR2DL2*00301	2	KIR2DL1*00303+KIR2DL1*00303	2	KIR2DL4*0010201+KIR2DL4*0080101	2	KIR3DL1*0010103+KIR3DL1*01502	2	KIR3DL2*0010101+KIR3DL2*0020101	2	KIR2DS4*0010101+KIR2DS4*0030101	0	KIR2DP1*null	2	KIR2DS2*0010124+KIR2DS2*0010124
SIM028	2	KIR3DL3*unresolved	2	KIR2DL3*0010101+KIR2DL3*00201;KIR2DL3*0010101+KIR2DL3*0010101	2	KIR2DL2*0010102+KIR2DL2*0010102	2	KIR2DL1*00302+KIR2DL1*0040109	2	KIR2DL4*0050107+KIR2DL4*0080101;KIR2DL4*0010201+KIR2DL4*0080101	2	KIR3DL1*0020103+KIR3DL1*0020103	2	KIR3DL2*unresolved	2	KIR2DS4*0010101+KIR2DS4*0010101	2	KIR2DP1*0010201+KIR2DP1*007	2	KIR2DS2*00101+KIR2DS2*00101
SIM029	2	KIR3DL3*00201+KIR3DL3*00901	2	KIR2DL3*0010101+KIR2DL3*00201;KIR2DL3*0010101+KIR2DL3*006	2	KIR2DL2*0010102+KIR2DL2*0010102	2	KIR2DL1*00201+KIR2DL1*0040109	2	KIR2DL4*0010201+KIR2DL4*0010201	2	KIR3DL1*0010103+KIR3DL1*0010103	2	KIR3DL2*0010101+KIR3DL2*00701	2	KIR2DS4*0030101+KIR2DS4*0030101	2	KIR2DP1*0010201+KIR2DP1*007	2	KIR2DS2*unresolved
SIM030	2	KIR3DL3*00201+KIR3DL3*00901	2	KIR2DL3*00201+KIR2DL3*006	2	KIR2DL2*0010102+KIR2DL2*00301	2	KIR2DL1*00302+KIR2DL1*0040109	2	KIR2DL4*0050107+KIR2DL4*0080101;KIR2DL4*0080101+KIR2DL4*0080101	2	KIR3DL1*0010103+KIR3DL1*0020103;KIR3DL1*0020103+KIR3DL1*01502	2	KIR3DL2*0010101+KIR3DL2*0020101	2	KIR2DS4*0010101+KIR2DS4*0010101	2	KIR2DP1*0010201+KIR2DP1*007	2	KIR2DS2*00101+KIR2DS2*0010124
SIM031	2	KIR3DL3*0080101+KIR3DL3*00901	2	KIR2DL3*0010101+KIR2DL3*006	0	KIR2DL2*null	2	KIR2DL1*00302+KIR2DL1*00302	2	KIR2DL4*0010201+KIR2DL4*0050107	0	KIR3DL1*null	2	KIR3DL2*0020101+KIR3DL2*00701	2	KIR2DS4*0010101+KIR2DS4*0010101	2	KIR2DP1*0010201+KIR2DP1*007	0	KIR2DS2*null
SIM032	2	KIR3DL3*00201+KIR3DL3*00901	2	KIR2DL3*0010101+KIR2DL3*00201	0	KIR2DL2*null	2	KIR2DL1*00302+KIR2DL1*0040109	2	KIR2DL4*0010201+KIR2DL4*0050107	0	KIR3DL1*null	2	KIR3DL2*0020101+KIR3DL2*0020101	2	KIR2DS4*0010101+KIR2DS4*0030101	0	KIR2DP1*null	2	KIR2DS2*0010124+KIR2DS2*0010124
SIM033	2	KIR3DL3*unresolved	2	KIR2DL3*0010101+KIR2DL3*00201;KIR2DL3*00201+KIR2DL3*006	2	KIR2DL2*0010102+KIR2DL2*0010102	2	KIR2DL1*00201+KIR2DL1*00302	2	KIR2DL4*0080101+KIR2DL4*0080101	2	KIR3DL1*0020103+KIR3DL1*01502	2	KIR3DL2*0010101+KIR3DL2*0010101	2	KIR2DS4*0010101+KIR2DS4*0030101	2	KIR2DP1*0010201+KIR2DP1*0010201;KIR2DP1*0010201+KIR2DP1*007	0	KIR2DS2*null
SIM034	2	KIR3DL3*00201+KIR3DL3*00201	2	KIR2DL3*0010101+KIR2DL3*0010101;KIR2DL3*0010101+KIR2DL3*006	0	KIR2DL2*null	2	KIR2DL1*00302+KIR2DL1*00302	2	KIR2DL4*0010201+KIR2DL4*0050107	2	KIR3DL1*0010103+KIR3DL1*0010103	2	KIR3DL2*0020101+KIR3DL2*0020101	2	KIR2DS4*0010101+KIR2DS4*0030101	2	KIR2DP1*0010201+KIR2DP1*007	0	KIR2DS2*null
SIM035	2	KIR3DL3*0080101+KIR3DL3*00901	2	KIR2DL3*0010101+KIR2DL3*00201	2	KIR2DL2*unresolved	2	KIR2DL1*00302+KIR2DL1*0040109	2	KIR2DL4*0050107+KIR2DL4*0080101	2	KIR3DL1*0010103+KIR3DL1*0020103	2	KIR3DL2*0010101+KIR3DL2*0010101	2	KIR2DS4*unresolved	0	KIR2DP1*null	0	KIR2DS2*null
SIM036	2	KIR3DL3*00901+KIR3DL3*00906	2	KIR2DL3*0010101+KIR2DL3*00201	2	KIR2DL2*0010102+KIR2DL2*00301	2	KIR2DL1*00303+KIR2DL1*0040109	2	KIR2DL4*0010201+KIR2DL4*0080101;KIR2DL4*0010201+KIR2DL4*0050107	2	KIR3DL1*0010103+KIR3DL1*0010103	2	KIR3DL2*0020101+KIR3DL2*00701	2	KIR2DS4*0010101+KIR2DS4*0030101	2	KIR2DP1*0010201+KIR2DP1*0010201	2	KIR2DS2*00101+KIR2DS2*0010124
SIM037	2	KIR3DL3*00901+KIR3DL3*00901	2	KIR2DL3*0010101+KIR2DL3*0010101	0	KIR2DL2*null	0	KIR2DL1*null	2	KIR2DL4*0080101+KIR2DL4*0080101	2	KIR3DL1*0010103+KIR3DL1*0020103	2	KIR3DL2*0010101+KIR3DL2*0010101;KIR3DL2*0010101+KIR3DL2*0020101	2	KIR2DS4*0010101+KIR2DS4*0030101	2	KIR2DP1*0010201+KIR2DP1*007	2	KIR2DS2*0010124+KIR2DS2*0010124
SIM038	2	KIR3DL3*0080101+KIR3DL3*00901	2	KIR2DL3*0010101+KIR2DL3*0010101	2	KIR2DL2*0010102+KIR2DL2*0010102	2	KIR2DL1*unresolved	2	KIR2DL4*0010201+KIR2DL4*0050107	2	KIR3DL1*0010103+KIR3DL1*0020103	2	KIR3DL2*0020101+KIR3DL2*00701	0	KIR2DS4*null	2	KIR2DP1*0010201+KIR2DP1*0010201	0	KIR2DS2*null
SIM039	2	KIR3DL3*0080101+KIR3DL3*0080101;KIR3DL3*00201+KIR3DL3*0080101	2	KIR2DL3*unresolved	0	KIR2DL2*null	2	KIR2DL1*0040109+KIR2DL1*0040109	2	KIR2DL4*0080101+KIR2DL4*0080101	2	KIR3DL1*0020103+KIR3DL1*0020103;KIR3DL1*0020103+KIR3DL1*01502	2	KIR3DL2*0010101+KIR3DL2*0010101	2	KIR2DS4*0010101+KIR2DS4*0030101	2	KIR2DP1*0010201+KIR2DP1*0010201;KIR2DP1*0010201+KIR2DP1*007	0	KIR2DS2*null
SIM040	2	KIR3DL3*00201+KIR3DL3*00901;KIR3DL3*00201+KIR3DL3*00906	2	KIR2DL3*0010101+KIR2DL3*0010101;KIR2DL3*0010101+KIR2DL3*006	0	KIR2DL2*null	2	KIR2DL1*00302+KIR2DL1*0040109	2	KIR2DL4*0050107+KIR2DL4*0080101	2	KIR3DL1*unresolved	2	KIR3DL2*00701+KIR3DL2*00701	2	KIR2DS4*0030101+KIR2DS4*0030101	0	KIR2DP1*null	2	KIR2DS2*00101+KIR2DS2*0010124;KIR2DS2*00101+KIR2DS2*00101
SIM041	2	KIR3DL3*00201+KIR3DL3*00906	2	KIR2DL3*00201+KIR2DL3*00201;KIR2DL3*0010101+KIR2DL3*00201	0	KIR2DL2*null	2	KIR2DL1*0040109+KIR2DL1*0040109;KIR2DL1*00302+KIR2DL1*0040109	2	KIR2DL4*0010201+KIR2DL4*0080101	2	KIR3DL1*0010103+KIR3DL1*01502	2	KIR3DL2*0010101+KIR3DL2*0020101;KIR3DL2*0010101+KIR3DL2*0010101	2	KIR2DS4*0030101+KIR2DS4*0030101	2	KIR2DP1*0010201+KIR2DP1*0010201	2	KIR2DS2*00101+KIR2DS2*0010124
SIM042	2	KIR3DL3*00201+KIR3DL3*00901	2	KIR2DL3*0010101+KIR2DL3*00201	0	KIR2DL2*null	2	KIR2DL1*00302+KIR2DL1*00302	2	KIR2DL4*unresolved	2	KIR3DL1*0010103+KIR3DL1*0010103	2	KIR3DL2*0010101+KIR3DL2*0020101	2	KIR2DS4*0010101+KIR2DS4*0010101;KIR2DS4*0010101+KIR2DS4*0030101	2	KIR2DP1*0010201+KIR2DP1*007	0	KIR2DS2*null
SIM043	2	KIR3DL3*0080101+KIR3DL3*00901	2	KIR2DL3*0010101+KIR2DL3*00201	2	KIR2DL2*unresolved	2	KIR2DL1*unresolved	2	KIR2DL4*unresolved	2	KIR3DL1*0010103+KIR3DL1*0010103;KIR3DL1*0010103+KIR3DL1*0020103	2	KIR3DL2*0020101+KIR3DL2*00701	2	KIR2DS4*0030101+KIR2DS4*0030101	2	KIR2DP1*unresolved	2	KIR2DS2*00101+KIR2DS2*0010124;KIR2DS2*0010124+KIR2DS2*0010124
SIM044	2	KIR3DL3*00201+KIR3DL3*00901;KIR3DL3*00201+KIR3DL3*00906	2	KIR2DL3*00201+KIR2DL3*00201	0	KIR2DL2*null	2	KIR2DL1*00201+KIR2DL1*0040109;KIR2DL1*00201+KIR2DL1*00302	2	KIR2DL4*0080101+KIR2DL4*0080101	2	KIR3DL1*0010103+KIR3DL1*01502	2	KIR3DL2*0020101+KIR3DL2*00701	2	KIR2DS4*0010101+KIR2DS4*0010101	2	KIR2DP1*007+KIR2DP1*007	2	KIR2DS2*0010124+KIR2DS2*0010124
SIM045	2	KIR3DL3*0080101+KIR3DL3*0080101;KIR3DL3*0080101+KIR3DL3*00901	2	KIR2DL3*0010101+KIR2DL3*00201;KIR2DL3*0010101+KIR2DL3*006	2	KIR2DL2*0010102+KIR2DL2*00301	2	KIR2DL1*00303+KIR2DL1*00303	2	KIR2DL4*0080101+KIR2DL4*0080101	2	KIR3DL1*unresolved	2	KIR3DL2*unresolved	2	KIR2DS4*0010101+KIR2DS4*0030101	2	KIR2DP1*0010201+KIR2DP1*0010201	2	KIR2DS2*00101+KIR2DS2*0010124
SIM046	2	KIR3DL3*unresolved	2	KIR2DL3*0010101+KIR2DL3*00201	2	KIR2DL2*0010102+KIR2DL2*0010102	2	KIR2DL1*00302+KIR2DL1*00302	2	KIR2DL4*0010201+KIR2DL4*0080101	2	KIR3DL1*0010103+KIR3DL1*0020103	2	KIR3DL2*0020101+KIR3DL2*00701	2	KIR2DS4*0010101+KIR2DS4*0010101	2	KIR2DP1*0010201+KIR2DP1*007	2	KIR2DS2*unresolved
SIM047	2	KIR3DL3*unresolved	2	KIR2DL3*0010101+KIR2DL3*00201	2	KIR2DL2*0010102+KIR2DL2*00301	2	KIR2DL1*00201+KIR2DL1*00201	2	KIR2DL4*unresolved	2	KIR3DL1*0010103+KIR3DL1*0010103	2	KIR3DL2*0020101+KIR3DL2*00701;KIR3DL2*0020101+KIR3DL2*0020101	2	KIR2DS4*0010101+KIR2DS4*0010101	0	KIR2DP1*null	2	KIR2DS2*00101+KIR2DS2*0010124;KIR2DS2*0010124+KIR2DS2*0010124
SIM048	2	KIR3DL3*0080101+KIR3DL3*00901	2	KIR2DL3*0010101+KIR2DL3*00201	0	KIR2DL2*null	2	KIR2DL1*00302+KIR2DL1*0040109;KIR2DL1*00201+KIR2DL1*0040109	2	KIR2DL4*0050107+KIR2DL4*0080101;KIR2DL4*0010201+KIR2DL4*0080101	2	KIR3DL1*01502+KIR3DL1*01502	2	KIR3DL2*0010101+KIR3DL2*0020101	2	KIR2DS4*0010101+KIR2DS4*0010101;KIR2DS4*0010101+KIR2DS4*0030101	2	KIR2DP1*0010201+KIR2DP1*0010201	0	KIR2DS2*null
SIM049	2	KIR3DL3*00201+KIR3DL3*00906	2	KIR2DL3*00201+KIR2DL3*00201	0	KIR2DL2*null	0	KIR2DL1*null	2	KIR2DL4*0010201+KIR2DL4*0010201	2	KIR3DL1*0020103+KIR3DL1*0020103;KIR3DL1*0010103+KIR3DL1*0020103	2	KIR3DL2*0020101+KIR3DL2*0020101	2	KIR2DS4*0010101+KIR2DS4*0030101	0	KIR2DP1*null	0	KIR2DS2*null
SIM050	2	KIR3DL3*00201+KIR3DL3*00201	2	KIR2DL3*0010101+KIR2DL3*00201	2	KIR2DL2*0010102+KIR2DL2*00301	0	KIR2DL1*null	2	KIR2DL4*0010201+KIR2DL4*0080101;KIR2DL4*0050107+KIR2DL4*0080101	2	KIR3DL1*0010103+KIR3DL1*0010103;KIR3DL1*0010103+KIR3DL1*0020103	2	KIR3DL2*unresolved	2	KIR2DS4*0010101+KIR2DS4*0030101	2	KIR2DP1*0010201+KIR2DP1*0010201	2	KIR2DS2*00101+KIR2DS2*0010124
SIM051	2	KIR3DL3*00201+KIR3DL3*00901	2	KIR2DL3*0010101+KIR2DL3*0010101	2	KIR2DL2*0010102+KIR2DL2*00301	2	KIR2DL1*00302+KIR2DL1*00303	2	KIR2DL4*0050107+KIR2DL4*0050107	2	KIR3DL1*0020103+KIR3DL1*0020103	2	KIR3DL2*0010101+KIR3DL2*0010101;KIR3DL2*0010101+KIR3DL2*0020101	2	KIR2DS4*0010101+KIR2DS4*0030101	0	KIR2DP1*null	2	KIR2DS2*00101+KIR2DS2*0010124
SIM052	2	KIR3DL3*0080101+KIR3DL3*00901;KIR3DL3*00901+KIR3DL3*00906	2	KIR2DL3*unresolved	2	KIR2DL2*0010102+KIR2DL2*0010102	2	KIR2DL1*00302+KIR2DL1*00303;KIR2DL1*00201+KIR2DL1*00302	2	KIR2DL4*0080101+KIR2DL4*0080101	2	KIR3DL1*01502+KIR3DL1*01502	2	KIR3DL2*0020101+KIR3DL2*0020101;KIR3DL2*0010101+KIR3DL2*0020101	2	KIR2DS4*0010101+KIR2DS4*0010101	2	KIR2DP1*0010201+KIR2DP1*007	0	KIR2DS2*null
SIM053	2	KIR3DL3*00201+KIR3DL3*00901	2	KIR2DL3*00201+KIR2DL3*006	0	KIR2DL2*null	2	KIR2DL1*00201+KIR2DL1*00303	2	KIR2DL4*0010201+KIR2DL4*0080101;KIR2DL4*0010201+KIR2DL4*0050107	2	KIR3DL1*0010103+KIR3DL1*01502;KIR3DL1*0010103+KIR3DL1*0010103	2	KIR3DL2*0010101+KIR3DL2*00701;KIR3DL2*0010101+KIR3DL2*0020101	0	KIR2DS4*null	2	KIR2DP1*0010201+KIR2DP1*007	0	KIR2DS2*null
SIM054	2	KIR3DL3*00201+KIR3DL3*0080101	2	KIR2DL3*0010101+KIR2DL3*00201	0	KIR2DL2*null	2	KIR2DL1*0040109+KIR2DL1*0040109	2	KIR2DL4*0080101+KIR2DL4*0080101	2	KIR3DL1*0020103+KIR3DL1*01502	2	KIR3DL2*0020101+KIR3DL2*00701	2	KIR2DS4*0030101+KIR2DS4*0030101	2	KIR2DP1*0010201+KIR2DP1*0010201;KIR2DP1*0010201+KIR2DP1*007	2	KIR2DS2*0010124+KIR2DS2*0010124
SIM055	2	KIR3DL3*00201+KIR3DL3*00201	2	KIR2DL3*0010101+KIR2DL3*00201	0	KIR2DL2*null	2	KIR2DL1*00201+KIR2DL1*00302	2	KIR2DL4*0010201+KIR2DL4*0080101;KIR2DL4*0050107+KIR2DL4*0080101	2	KIR3DL1*unresolved	2	KIR3DL2*0010101+KIR3DL2*0010101	0	KIR2DS4*null	2	KIR2DP1*0010201+KIR2DP1*007	0	KIR2DS2*null
SIM056	2	KIR3DL3*00201+KIR3DL3*00201	2	KIR2DL3*0010101+KIR2DL3*00201	2	KIR2DL2*00301+KIR2DL2*00301	2	KIR2DL1*0040109+KIR2DL1*0040109	2	KIR2DL4*0010201+KIR2DL4*0080101	2	KIR3DL1*0010103+KIR3DL1*01502	2	KIR3DL2*0010101+KIR3DL2*0020101	2	KIR2DS4*0010101+KIR2DS4*0010101	2	KIR2DP1*0010201+KIR2DP1*007	2	KIR2DS2*unresolved
SIM057	2	KIR3DL3*00201+KIR3DL3*00201	2	KIR2DL3*0010101+KIR2DL3*006	2	KIR2DL2*0010102+KIR2DL2*0010102	2	KIR2DL1*unresolved	2	KIR2DL4*0050107+KIR2DL4*0080101	2	KIR3DL1*0010103+KIR3DL1*0010103	2	KIR3DL2*0010101+KIR3DL2*0010101	2	KIR2DS4*unresolved	0	KIR2DP1*null	2	KIR2DS2*0010124+KIR2DS2*0010124
SIM058	2	KIR3DL3*00901+KIR3DL3*00901	2	KIR2DL3*0010101+KIR2DL3*0010101;KIR2DL3*0010101+KIR2DL3*006	0	KIR2DL2*null	2	KIR2DL1*00303+KIR2DL1*0040109;KIR2DL1*0040109+KIR2DL1*0040109	2	KIR2DL4*unresolved	0	KIR3DL1*null	2	KIR3DL2*0010101+KIR3DL2*0020101	2	KIR2DS4*0010101+KIR2DS4*0030101	2	KIR2DP1*0010201+KIR2DP1*0010201	2	KIR2DS2*0010124+KIR2DS2*0010124
SIM059	2	KIR3DL3*00201+KIR3DL3*00901	2	KIR2DL3*0010101+KIR2DL3*00201;KIR2DL3*00201+KIR2DL3*006	2	KIR2DL2*0010102+KIR2DL2*00301	2	KIR2DL1*00302+KIR2DL1*00302	2	KIR2DL4*0010201+KIR2DL4*0010201;KIR2DL4*0010201+KIR2DL4*0080101	2	KIR3DL1*0010103+KIR3DL1*0020103	2	KIR3DL2*0020101+KIR3DL2*0020101;KIR3DL2*0010101+KIR3DL2*0020101	2	KIR2DS4*0010101+KIR2DS4*0030101	2	KIR2DP1*0010201+KIR2DP1*0010201	2	KIR2DS2*00101+KIR2DS2*0010124;KIR2DS2*0010124+KIR2DS2*0010124
SIM060	2	KIR3DL3*00201+KIR3DL3*00201;KIR3DL3*00201+KIR3DL3*00906	2	KIR2DL3*0010101+KIR2DL3*0010101;KIR2DL3*0010101+KIR2DL3*00201	2	KIR2DL2*0010102+KIR2DL2*00301	2	KIR2DL1*00201+KIR2DL1*00302	2	KIR2DL4*0050107+KIR2DL4*0080101	2	KIR3DL1*unresolved	2	KIR3DL2*0020101+KIR3DL2*0020101;KIR3DL2*0010101+KIR3DL2*0020101	2	KIR2DS4*0010101+KIR2DS4*0030101	2	KIR2DP1*0010201+KIR2DP1*0010201	0	KIR2DS2*null
