sample	locus	genotype
SIM001	KIR3DL3	KIR3DL3*00201+KIR3DL3*00901
SIM001	KIR2DL1	KIR2DL1*0040109+KIR2DL1*0040109
SIM001	KIR2DL4	KIR2DL4*0010201+KIR2DL4*0080101
SIM001	KIR3DL1	KIR3DL1*0010103+KIR3DL1*0010103
SIM001	KIR3DL2	KIR3DL2*0010101+KIR3DL2*0010101
SIM001	KIR2DS4	KIR2DS4*0010101+KIR2DS4*0010101
SIM001	KIR2DP1	KIR2DP1*0010201+KIR2DP1*007
SIM002	KIR3DL3	KIR3DL3*00201+KIR3DL3*00906
SIM002	KIR2DL3	KIR2DL3*0010101+KIR2DL3*0010101
SIM002	KIR2DL2	KIR2DL2*0010102+KIR2DL2*0010102
SIM002	KIR2DL1	KIR2DL1*00201+KIR2DL1*00302
SIM002	KIR2DL4	KIR2DL4*0010201+KIR2DL4*0080101
SIM002	KIR3DL1	KIR3DL1*0010103+KIR3DL1*01502
SIM002	KIR3DL2	KIR3DL2*00701+KIR3DL2*00701
SIM002	KIR2DS4	KIR2DS4*0030101+KIR2DS4*0030101
SIM003	KIR3DL3	KIR3DL3*00901+KIR3DL3*00906
SIM003	KIR2DL3	KIR2DL3*0010101+KIR2DL3*006
SIM003	KIR2DL2	KIR2DL2*0010102+KIR2DL2*00301
SIM003	KIR2DL1	KIR2DL1*00201+KIR2DL1*0040109
SIM003	KIR2DL4	KIR2DL4*0010201+KIR2DL4*0080101
SIM003	KIR3DL1	KIR3DL1*0010103+KIR3DL1*0020103
SIM003	KIR3DL2	KIR3DL2*0010101+KIR3DL2*0020101
SIM003	KIR2DS4	KIR2DS4*0030101+KIR2DS4*0030101
SIM003	KIR2DP1	KIR2DP1*0010201+KIR2DP1*0010201
SIM004	KIR3DL3	KIR3DL3*00201+KIR3DL3*0080101
SIM004	KIR2DL3	KIR2DL3*00201+KIR2DL3*006
SIM004	KIR2DL1	KIR2DL1*00201+KIR2DL1*00303
SIM004	KIR2DL4	KIR2DL4*0010201+KIR2DL4*0080101
SIM004	KIR3DL1	KIR3DL1*0020103+KIR3DL1*01502
SIM004	KIR3DL2	KIR3DL2*0010101+KIR3DL2*0010101
SIM004	KIR2DS2	KIR2DS2*0010124+KIR2DS2*0010124
SIM005	KIR3DL3	KIR3DL3*00201+KIR3DL3*00906
SIM005	KIR2DL3	KIR2DL3*0010101+KIR2DL3*00201
SIM005	KIR2DL2	KIR2DL2*0010102+KIR2DL2*00301
SIM005	KIR2DL1	KIR2DL1*00302+KIR2DL1*00302
SIM005	KIR2DL4	KIR2DL4*0010201+KIR2DL4*0080101
SIM005	KIR3DL1	KIR3DL1*0020103+KIR3DL1*0020103
SIM005	KIR3DL2	KIR3DL2*0010101+KIR3DL2*0010101
SIM005	KIR2DS4	KIR2DS4*0030101+KIR2DS4*0030101
SIM005	KIR2DP1	KIR2DP1*0010201+KIR2DP1*0010201
SIM005	KIR2DS2	KIR2DS2*00101+KIR2DS2*00101
SIM006	KIR3DL3	KIR3DL3*0080101+KIR3DL3*00906
SIM006	KIR2DL3	KIR2DL3*0010101+KIR2DL3*00201
SIM006	KIR2DL1	KIR2DL1*00302+KIR2DL1*00303
SIM006	KIR2DL4	KIR2DL4*0050107+KIR2DL4*0080101
SIM006	KIR3DL1	KIR3DL1*0010103+KIR3DL1*01502
SIM006	KIR3DL2	KIR3DL2*0020101+KIR3DL2*0020101
SIM006	KIR2DS4	KIR2DS4*0030101+KIR2DS4*0030101
SIM006	KIR2DP1	KIR2DP1*0010201+KIR2DP1*0010201
SIM007	KIR3DL3	KIR3DL3*00201+KIR3DL3*0080101
SIM007	KIR2DL3	KIR2DL3*00201+KIR2DL3*00201
SIM007	KIR2DL2	KIR2DL2*0010102+KIR2DL2*0010102
SIM007	KIR2DL1	KIR2DL1*00302+KIR2DL1*0040109
SIM007	KIR2DL4	KIR2DL4*0010201+KIR2DL4*0080101
SIM007	KIR3DL1	KIR3DL1*0020103+KIR3DL1*01502
SIM007	KIR3DL2	KIR3DL2*00701+KIR3DL2*00701
SIM007	KIR2DS4	KIR2DS4*0010101+KIR2DS4*0030101
SIM007	KIR2DP1	KIR2DP1*0010201+KIR2DP1*0010201
SIM007	KIR2DS2	KIR2DS2*0010124+KIR2DS2*0010124
SIM008	KIR3DL3	KIR3DL3*00201+KIR3DL3*00201
SIM008	KIR2DL3	KIR2DL3*00201+KIR2DL3*00201
SIM008	KIR2DL1	KIR2DL1*00302+KIR2DL1*0040109
SIM008	KIR2DL4	KIR2DL4*0010201+KIR2DL4*0080101
SIM008	KIR3DL2	KIR3DL2*0010101+KIR3DL2*0020101
SIM008	KIR2DS4	KIR2DS4*0010101+KIR2DS4*0030101
SIM008	KIR2DP1	KIR2DP1*0010201+KIR2DP1*007
SIM009	KIR3DL3	KIR3DL3*00201+KIR3DL3*0080101
SIM009	KIR2DL3	KIR2DL3*0010101+KIR2DL3*00201
SIM009	KIR2DL2	KIR2DL2*0010102+KIR2DL2*00301
SIM009	KIR2DL1	KIR2DL1*00302+KIR2DL1*00303
SIM009	KIR2DL4	KIR2DL4*0010201+KIR2DL4*0080101
SIM009	KIR3DL1	KIR3DL1*0020103+KIR3DL1*01502
SIM009	KIR3DL2	KIR3DL2*0010101+KIR3DL2*00701
SIM009	KIR2DS4	KIR2DS4*0010101+KIR2DS4*0030101
SIM009	KIR2DP1	KIR2DP1*0010201+KIR2DP1*007
SIM010	KIR3DL3	KIR3DL3*00201+KIR3DL3*00201
SIM010	KIR2DL3	KIR2DL3*0010101+KIR2DL3*00201
SIM010	KIR2DL2	KIR2DL2*0010102+KIR2DL2*00301
SIM010	KIR2DL1	KIR2DL1*00302+KIR2DL1*00303
SIM010	KIR2DL4	KIR2DL4*0080101+KIR2DL4*0080101
SIM010	KIR3DL1	KIR3DL1*0010103+KIR3DL1*0010103
SIM010	KIR3DL2	KIR3DL2*0010101+KIR3DL2*0010101
SIM010	KIR2DS4	KIR2DS4*0030101+KIR2DS4*0030101
SIM010	KIR2DP1	KIR2DP1*0010201+KIR2DP1*0010201
SIM011	KIR3DL3	KIR3DL3*00901+KIR3DL3*00901
SIM011	KIR2DL3	KIR2DL3*0010101+KIR2DL3*00201
SIM011	KIR2DL2	KIR2DL2*0010102+KIR2DL2*00301
SIM011	KIR2DL1	KIR2DL1*00302+KIR2DL1*00302
SIM011	KIR2DL4	KIR2DL4*0010201+KIR2DL4*0050107
SIM011	KIR3DL1	KIR3DL1*0010103+KIR3DL1*0010103
SIM011	KIR3DL2	KIR3DL2*0020101+KIR3DL2*00701
SIM011	KIR2DS4	KIR2DS4*0010101+KIR2DS4*0030101
SIM011	KIR2DP1	KIR2DP1*0010201+KIR2DP1*0010201
SIM011	KIR2DS2	KIR2DS2*0010124+KIR2DS2*0010124
SIM012	KIR3DL3	KIR3DL3*00901+KIR3DL3*00901
SIM012	KIR2DL3	KIR2DL3*0010101+KIR2DL3*00201
SIM012	KIR2DL1	KIR2DL1*00201+KIR2DL1*00302
SIM012	KIR2DL4	KIR2DL4*0050107+KIR2DL4*0080101
SIM012	KIR3DL1	KIR3DL1*0010103+KIR3DL1*0010103
SIM012	KIR3DL2	KIR3DL2*0020101+KIR3DL2*00701
SIM012	KIR2DS4	KIR2DS4*0030101+KIR2DS4*0030101
SIM012	KIR2DP1	KIR2DP1*0010201+KIR2DP1*007
SIM013	KIR3DL3	KIR3DL3*00201+KIR3DL3*00901
SIM013	KIR2DL3	KIR2DL3*0010101+KIR2DL3*006
SIM013	KIR2DL2	KIR2DL2*0010102+KIR2DL2*00301
SIM013	KIR2DL1	KIR2DL1*00302+KIR2DL1*00302
SIM013	KIR2DL4	KIR2DL4*0010201+KIR2DL4*0010201
SIM013	KIR3DL1	KIR3DL1*0010103+KIR3DL1*0020103
SIM013	KIR3DL2	KIR3DL2*0010101+KIR3DL2*0010101
SIM013	KIR2DS4	KIR2DS4*0010101+KIR2DS4*0030101
SIM013	KIR2DP1	KIR2DP1*0010201+KIR2DP1*007
SIM014	KIR3DL3	KIR3DL3*00201+KIR3DL3*00906
SIM014	KIR2DL3	KIR2DL3*0010101+KIR2DL3*00201
SIM014	KIR2DL1	KIR2DL1*00201+KIR2DL1*00303
SIM014	KIR2DL4	KIR2DL4*0050107+KIR2DL4*0080101
SIM014	KIR3DL1	KIR3DL1*0020103+KIR3DL1*01502
SIM014	KIR3DL2	KIR3DL2*0010101+KIR3DL2*0010101
SIM014	KIR2DS4	KIR2DS4*0010101+KIR2DS4*0030101
SIM014	KIR2DP1	KIR2DP1*0010201+KIR2DP1*007
SIM014	KIR2DS2	KIR2DS2*0010124+KIR2DS2*0010124
SIM015	KIR3DL3	KIR3DL3*0080101+KIR3DL3*00906
SIM015	KIR2DL3	KIR2DL3*0010101+KIR2DL3*0010101
SIM015	KIR2DL1	KIR2DL1*00201+KIR2DL1*00302
SIM015	KIR2DL4	KIR2DL4*0010201+KIR2DL4*0080101
SIM015	KIR3DL1	KIR3DL1*0010103+KIR3DL1*0010103
SIM015	KIR3DL2	KIR3DL2*0020101+KIR3DL2*0020101
SIM015	KIR2DS4	KIR2DS4*0010101+KIR2DS4*0030101
SIM015	KIR2DS2	KIR2DS2*0010124+KIR2DS2*0010124
SIM016	KIR3DL3	KIR3DL3*00201+KIR3DL3*00906
SIM016	KIR2DL3	KIR2DL3*0010101+KIR2DL3*0010101
SIM016	KIR2DL1	KIR2DL1*0040109+KIR2DL1*0040109
SIM016	KIR2DL4	KIR2DL4*0010201+KIR2DL4*0080101
SIM016	KIR3DL1	KIR3DL1*0010103+KIR3DL1*0020103
SIM016	KIR3DL2	KIR3DL2*0020101+KIR3DL2*0020101
SIM016	KIR2DS4	KIR2DS4*0030101+KIR2DS4*0030101
SIM016	KIR2DP1	KIR2DP1*0010201+KIR2DP1*0010201
SIM016	KIR2DS2	KIR2DS2*0010124+KIR2DS2*0010124
SIM017	KIR3DL3	KIR3DL3*00901+KIR3DL3*00901
SIM017	KIR2DL3	KIR2DL3*0010101+KIR2DL3*00201
SIM017	KIR2DL1	KIR2DL1*00302+KIR2DL1*0040109
SIM017	KIR2DL4	KIR2DL4*0080101+KIR2DL4*0080101
SIM017	KIR3DL1	KIR3DL1*0020103+KIR3DL1*0020103
SIM017	KIR3DL2	KIR3DL2*0010101+KIR3DL2*00701
SIM017	KIR2DP1	KIR2DP1*0010201+KIR2DP1*0010201
SIM018	KIR3DL3	KIR3DL3*00901+KIR3DL3*00901
SIM018	KIR2DL3	KIR2DL3*0010101+KIR2DL3*00201
SIM018	KIR2DL2	KIR2DL2*0010102+KIR2DL2*0010102
SIM018	KIR2DL1	KIR2DL1*00302+KIR2DL1*00303
SIM018	KIR2DL4	KIR2DL4*0010201+KIR2DL4*0080101
SIM018	KIR3DL1	KIR3DL1*0010103+KIR3DL1*0020103
SIM018	KIR3DL2	KIR3DL2*0010101+KIR3DL2*0020101
SIM018	KIR2DS4	KIR2DS4*0010101+KIR2DS4*0030101
SIM018	KIR2DP1	KIR2DP1*0010201+KIR2DP1*0010201
SIM019	KIR3DL3	KIR3DL3*0080101+KIR3DL3*0080101
SIM019	KIR2DL3	KIR2DL3*0010101+KIR2DL3*00201
SIM019	KIR2DL2	KIR2DL2*0010102+KIR2DL2*00301
SIM019	KIR2DL1	KIR2DL1*00302+KIR2DL1*00302
SIM019	KIR2DL4	KIR2DL4*0050107+KIR2DL4*0050107
SIM019	KIR3DL1	KIR3DL1*0020103+KIR3DL1*01502
SIM019	KIR3DL2	KIR3DL2*00701+KIR3DL2*00701
SIM019	KIR2DS4	KIR2DS4*0010101+KIR2DS4*0010101
SIM020	KIR3DL3	KIR3DL3*00201+KIR3DL3*00901
SIM020	KIR2DL3	KIR2DL3*0010101+KIR2DL3*0010101
SIM020	KIR2DL1	KIR2DL1*00303+KIR2DL1*00303
SIM020	KIR2DL4	KIR2DL4*0010201+KIR2DL4*0080101
SIM020	KIR3DL1	KIR3DL1*0010103+KIR3DL1*0010103
SIM020	KIR3DL2	KIR3DL2*00701+KIR3DL2*00701
SIM020	KIR2DS4	KIR2DS4*0010101+KIR2DS4*0010101
SIM020	KIR2DP1	KIR2DP1*0010201+KIR2DP1*007
SIM020	KIR2DS2	KIR2DS2*00101+KIR2DS2*0010124
SIM021	KIR3DL3	KIR3DL3*00201+KIR3DL3*00901
SIM021	KIR2DL3	KIR2DL3*0010101+KIR2DL3*006
SIM021	KIR2DL1	KIR2DL1*00303+KIR2DL1*0040109
SIM021	KIR2DL4	KIR2DL4*0050107+KIR2DL4*0050107
SIM021	KIR3DL2	KIR3DL2*00701+KIR3DL2*00701
SIM021	KIR2DS4	KIR2DS4*0010101+KIR2DS4*0030101
SIM022	KIR3DL3	KIR3DL3*00901+KIR3DL3*00901
SIM022	KIR2DL3	KIR2DL3*0010101+KIR2DL3*0010101
SIM022	KIR2DL1	KIR2DL1*00302+KIR2DL1*0040109
SIM022	KIR2DL4	KIR2DL4*0080101+KIR2DL4*0080101
SIM022	KIR3DL1	KIR3DL1*0010103+KIR3DL1*0020103
SIM022	KIR3DL2	KIR3DL2*0020101+KIR3DL2*00701
SIM022	KIR2DS4	KIR2DS4*0010101+KIR2DS4*0010101
SIM022	KIR2DP1	KIR2DP1*0010201+KIR2DP1*007
SIM022	KIR2DS2	KIR2DS2*0010124+KIR2DS2*0010124
SIM023	KIR3DL3	KIR3DL3*00201+KIR3DL3*00906
SIM023	KIR2DL3	KIR2DL3*00201+KIR2DL3*00201
SIM023	KIR2DL2	KIR2DL2*0010102+KIR2DL2*0010102
SIM023	KIR2DL1	KIR2DL1*00302+KIR2DL1*00303
SIM023	KIR2DL4	KIR2DL4*0010201+KIR2DL4*0080101
SIM023	KIR3DL1	KIR3DL1*0010103+KIR3DL1*0010103
SIM023	KIR3DL2	KIR3DL2*0010101+KIR3DL2*0010101
SIM023	KIR2DS4	KIR2DS4*0010101+KIR2DS4*0030101
SIM023	KIR2DP1	KIR2DP1*0010201+KIR2DP1*007
SIM024	KIR3DL3	KIR3DL3*00901+KIR3DL3*00901
SIM024	KIR2DL3	KIR2DL3*0010101+KIR2DL3*0010101
SIM024	KIR2DL1	KIR2DL1*00303+KIR2DL1*0040109
SIM024	KIR2DL4	KIR2DL4*0010201+KIR2DL4*0080101
SIM024	KIR3DL1	KIR3DL1*0010103+KIR3DL1*01502
SIM024	KIR3DL2	KIR3DL2*00701+KIR3DL2*00701
SIM024	KIR2DS4	KIR2DS4*0010101+KIR2DS4*0010101
SIM025	KIR3DL3	KIR3DL3*00201+KIR3DL3*00201
SIM025	KIR2DL3	KIR2DL3*0010101+KIR2DL3*006
SIM025	KIR2DL1	KIR2DL1*00302+KIR2DL1*0040109
SIM025	KIR2DL4	KIR2DL4*0010201+KIR2DL4*0080101
SIM025	KIR3DL1	KIR3DL1*01502+KIR3DL1*01502
SIM025	KIR3DL2	KIR3DL2*0010101+KIR3DL2*0020101
SIM025	KIR2DS4	KIR2DS4*0010101+KIR2DS4*0010101
SIM025	KIR2DP1	KIR2DP1*0010201+KIR2DP1*007
SIM025	KIR2DS2	KIR2DS2*00101+KIR2DS2*0010124
SIM026	KIR3DL3	KIR3DL3*0080101+KIR3DL3*00901
SIM026	KIR2DL3	KIR2DL3*0010101+KIR2DL3*006
SIM026	KIR2DL1	KIR2DL1*00303+KIR2DL1*0040109
SIM026	KIR2DL4	KIR2DL4*0010201+KIR2DL4*0080101
SIM026	KIR3DL1	KIR3DL1*0010103+KIR3DL1*0020103
SIM026	KIR3DL2	KIR3DL2*0010101+KIR3DL2*0020101
SIM026	KIR2DS4	KIR2DS4*0010101+KIR2DS4*0030101
SIM026	KIR2DS2	KIR2DS2*0010124+KIR2DS2*0010124
SIM027	KIR3DL3	KIR3DL3*0080101+KIR3DL3*0080101
SIM027	KIR2DL3	KIR2DL3*0010101+KIR2DL3*0010101
SIM027	KIR2DL2	KIR2DL2*00301+KIR2DL2*00301
SIM027	KIR2DL1	KIR2DL1*00303+KIR2DL1*00303
SIM027	KIR2DL4	KIR2DL4*0010201+KIR2DL4*0080101
SIM027	KIR3DL1	KIR3DL1*0010103+KIR3DL1*01502
SIM027	KIR3DL2	KIR3DL2*0010101+KIR3DL2*0020101
SIM027	KIR2DS4	KIR2DS4*0010101+KIR2DS4*0030101
SIM027	KIR2DS2	KIR2DS2*0010124+KIR2DS2*0010124
SIM028	KIR3DL3	KIR3DL3*00901+KIR3DL3*00906
SIM028	KIR2DL3	KIR2DL3*0010101+KIR2DL3*00201
SIM028	KIR2DL2	KIR2DL2*0010102+KIR2DL2*0010102
SIM028	KIR2DL1	KIR2DL1*00302+KIR2DL1*0040109
SIM028	KIR2DL4	KIR2DL4*0050107+KIR2DL4*0080101
SIM028	KIR3DL1	KIR3DL1*0020103+KIR3DL1*0020103
SIM028	KIR3DL2	KIR3DL2*0010101+KIR3DL2*0020101
SIM028	KIR2DS4	KIR2DS4*0010101+KIR2DS4*0010101
SIM028	KIR2DP1	KIR2DP1*0010201+KIR2DP1*007
SIM028	KIR2DS2	KIR2DS2*00101+KIR2DS2*00101
SIM029	KIR3DL3	KIR3DL3*00201+KIR3DL3*00901
SIM029	KIR2DL3	KIR2DL3*0010101+KIR2DL3*00201
SIM029	KIR2DL2	KIR2DL2*0010102+KIR2DL2*0010102
SIM029	KIR2DL1	KIR2DL1*00201+KIR2DL1*0040109
SIM029	KIR2DL4	KIR2DL4*0010201+KIR2DL4*0010201
SIM029	KIR3DL1	KIR3DL1*0010103+KIR3DL1*0010103
SIM029	KIR3DL2	KIR3DL2*0010101+KIR3DL2*00701
SIM029	KIR2DS4	KIR2DS4*0030101+KIR2DS4*0030101
SIM029	KIR2DP1	KIR2DP1*0010201+KIR2DP1*007
SIM029	KIR2DS2	KIR2DS2*00101+KIR2DS2*0010124
SIM030	KIR3DL3	KIR3DL3*00201+KIR3DL3*00901
SIM030	KIR2DL3	KIR2DL3*00201+KIR2DL3*006
SIM030	KIR2DL2	KIR2DL2*0010102+KIR2DL2*00301
SIM030	KIR2DL1	KIR2DL1*00302+KIR2DL1*0040109
SIM030	KIR2DL4	KIR2DL4*0050107+KIR2DL4*0080101
SIM030	KIR3DL1	KIR3DL1*0010103+KIR3DL1*0020103
SIM030	KIR3DL2	KIR3DL2*0010101+KIR3DL2*0020101
SIM030	KIR2DS4	KIR2DS4*0010101+KIR2DS4*0010101
SIM030	KIR2DP1	KIR2DP1*0010201+KIR2DP1*007
SIM030	KIR2DS2	KIR2DS2*00101+KIR2DS2*0010124
SIM031	KIR3DL3	KIR3DL3*0080101+KIR3DL3*00901
SIM031	KIR2DL3	KIR2DL3*0010101+KIR2DL3*006
SIM031	KIR2DL1	KIR2DL1*00302+KIR2DL1*00302
SIM031	KIR2DL4	KIR2DL4*0010201+KIR2DL4*0050107
SIM031	KIR3DL2	KIR3DL2*0020101+KIR3DL2*00701
SIM031	KIR2DS4	KIR2DS4*0010101+KIR2DS4*0010101
SIM031	KIR2DP1	KIR2DP1*0010201+KIR2DP1*007
SIM032	KIR3DL3	KIR3DL3*00201+KIR3DL3*00901
SIM032	KIR2DL3	KIR2DL3*0010101+KIR2DL3*00201
SIM032	KIR2DL1	KIR2DL1*00302+KIR2DL1*0040109
SIM032	KIR2DL4	KIR2DL4*0010201+KIR2DL4*0050107
SIM032	KIR3DL2	KIR3DL2*0020101+KIR3DL2*0020101
SIM032	KIR2DS4	KIR2DS4*0010101+KIR2DS4*0030101
SIM032	KIR2DS2	KIR2DS2*0010124+KIR2DS2*0010124
SIM033	KIR3DL3	KIR3DL3*00901+KIR3DL3*00901
SIM033	KIR2DL3	KIR2DL3*0010101+KIR2DL3*00201
SIM033	KIR2DL2	KIR2DL2*0010102+KIR2DL2*0010102
SIM033	KIR2DL1	KIR2DL1*00201+KIR2DL1*00302
SIM033	KIR2DL4	KIR2DL4*0080101+KIR2DL4*0080101
SIM033	KIR3DL1	KIR3DL1*0020103+KIR3DL1*01502
SIM033	KIR3DL2	KIR3DL2*0010101+KIR3DL2*0010101
SIM033	KIR2DS4	KIR2DS4*0010101+KIR2DS4*0030101
SIM033	KIR2DP1	KIR2DP1*0010201+KIR2DP1*0010201
SIM034	KIR3DL3	KIR3DL3*00201+KIR3DL3*00201
SIM034	KIR2DL3	KIR2DL3*0010101+KIR2DL3*0010101
SIM034	KIR2DL1	KIR2DL1*00302+KIR2DL1*00302
SIM034	KIR2DL4	KIR2DL4*0010201+KIR2DL4*0050107
SIM034	KIR3DL1	KIR3DL1*0010103+KIR3DL1*0010103
SIM034	KIR3DL2	KIR3DL2*0020101+KIR3DL2*0020101
SIM034	KIR2DS4	KIR2DS4*0010101+KIR2DS4*0030101
SIM034	KIR2DP1	KIR2DP1*0010201+KIR2DP1*007
SIM035	KIR3DL3	KIR3DL3*0080101+KIR3DL3*00901
SIM035	KIR2DL3	KIR2DL3*0010101+KIR2DL3*00201
SIM035	KIR2DL2	KIR2DL2*0010102+KIR2DL2*0010102
SIM035	KIR2DL1	KIR2DL1*00302+KIR2DL1*0040109
SIM035	KIR2DL4	KIR2DL4*0050107+KIR2DL4*0080101
SIM035	KIR3DL1	KIR3DL1*0010103+KIR3DL1*0020103
SIM035	KIR3DL2	KIR3DL2*0010101+KIR3DL2*0010101
SIM035	KIR2DS4	KIR2DS4*0010101+KIR2DS4*0030101
SIM036	KIR3DL3	KIR3DL3*00901+KIR3DL3*00906
SIM036	KIR2DL3	KIR2DL3*0010101+KIR2DL3*00201
SIM036	KIR2DL2	KIR2DL2*0010102+KIR2DL2*00301
SIM036	KIR2DL1	KIR2DL1*00303+KIR2DL1*0040109
SIM036	KIR2DL4	KIR2DL4*0010201+KIR2DL4*0080101
SIM036	KIR3DL1	KIR3DL1*0010103+KIR3DL1*0010103
SIM036	KIR3DL2	KIR3DL2*0020101+KIR3DL2*00701
SIM036	KIR2DS4	KIR2DS4*0010101+KIR2DS4*0030101
SIM036	KIR2DP1	KIR2DP1*0010201+KIR2DP1*0010201
SIM036	KIR2DS2	KIR2DS2*00101+KIR2DS2*0010124
SIM037	KIR3DL3	KIR3DL3*00901+KIR3DL3*00901
SIM037	KIR2DL3	KIR2DL3*0010101+KIR2DL3*0010101
SIM037	KIR2DL4	KIR2DL4*0080101+KIR2DL4*0080101
SIM037	KIR3DL1	KIR3DL1*0010103+KIR3DL1*0020103
SIM037	KIR3DL2	KIR3DL2*0010101+KIR3DL2*0010101
SIM037	KIR2DS4	KIR2DS4*0010101+KIR2DS4*0030101
SIM037	KIR2DP1	KIR2DP1*0010201+KIR2DP1*007
SIM037	KIR2DS2	KIR2DS2*0010124+KIR2DS2*0010124
SIM038	KIR3DL3	KIR3DL3*0080101+KIR3DL3*00901
SIM038	KIR2DL3	KIR2DL3*0010101+KIR2DL3*0010101
SIM038	KIR2DL2	KIR2DL2*0010102+KIR2DL2*0010102
SIM038	KIR2DL1	KIR2DL1*0040109+KIR2DL1*0040109
SIM038	KIR2DL4	KIR2DL4*0010201+KIR2DL4*0050107
SIM038	KIR3DL1	KIR3DL1*0010103+KIR3DL1*0020103
SIM038	KIR3DL2	KIR3DL2*0020101+KIR3DL2*00701
SIM038	KIR2DP1	KIR2DP1*0010201+KIR2DP1*0010201
SIM039	KIR3DL3	KIR3DL3*0080101+KIR3DL3*0080101
SIM039	KIR2DL3	KIR2DL3*00201+KIR2DL3*00201
SIM039	KIR2DL1	KIR2DL1*0040109+KIR2DL1*0040109
SIM039	KIR2DL4	KIR2DL4*0080101+KIR2DL4*0080101
SIM039	KIR3DL1	KIR3DL1*0020103+KIR3DL1*0020103
SIM039	KIR3DL2	KIR3DL2*0010101+KIR3DL2*0010101
SIM039	KIR2DS4	KIR2DS4*0010101+KIR2DS4*0030101
SIM039	KIR2DP1	KIR2DP1*0010201+KIR2DP1*0010201
SIM040	KIR3DL3	KIR3DL3*00201+KIR3DL3*00901
SIM040	KIR2DL3	KIR2DL3*0010101+KIR2DL3*0010101
SIM040	KIR2DL1	KIR2DL1*00302+KIR2DL1*0040109
SIM040	KIR2DL4	KIR2DL4*0050107+KIR2DL4*0080101
SIM040	KIR3DL1	KIR3DL1*0010103+KIR3DL1*0020103
SIM040	KIR3DL2	KIR3DL2*00701+KIR3DL2*00701
SIM040	KIR2DS4	KIR2DS4*0030101+KIR2DS4*0030101
SIM040	KIR2DS2	KIR2DS2*00101+KIR2DS2*0010124
SIM041	KIR3DL3	KIR3DL3*00201+KIR3DL3*00906
SIM041	KIR2DL3	KIR2DL3*00201+KIR2DL3*00201
SIM041	KIR2DL1	KIR2DL1*0040109+KIR2DL1*0040109
SIM041	KIR2DL4	KIR2DL4*0010201+KIR2DL4*0080101
SIM041	KIR3DL1	KIR3DL1*0010103+KIR3DL1*01502
SIM041	KIR3DL2	KIR3DL2*0010101+KIR3DL2*0020101
SIM041	KIR2DS4	KIR2DS4*0030101+KIR2DS4*0030101
SIM041	KIR2DP1	KIR2DP1*0010201+KIR2DP1*0010201
SIM041	KIR2DS2	KIR2DS2*00101+KIR2DS2*0010124
SIM042	KIR3DL3	KIR3DL3*00201+KIR3DL3*00901
SIM042	KIR2DL3	KIR2DL3*0010101+KIR2DL3*00201
SIM042	KIR2DL1	KIR2DL1*00302+KIR2DL1*00302
SIM042	KIR2DL4	KIR2DL4*0010201+KIR2DL4*0010201
SIM042	KIR3DL1	KIR3DL1*0010103+KIR3DL1*0010103
SIM042	KIR3DL2	KIR3DL2*0010101+KIR3DL2*0020101
SIM042	KIR2DS4	KIR2DS4*0010101+KIR2DS4*0010101
SIM042	KIR2DP1	KIR2DP1*0010201+KIR2DP1*007
SIM043	KIR3DL3	KIR3DL3*0080101+KIR3DL3*00901
SIM043	KIR2DL3	KIR2DL3*0010101+KIR2DL3*00201
SIM043	KIR2DL2	KIR2DL2*0010102+KIR2DL2*0010102
SIM043	KIR2DL1	KIR2DL1*00302+KIR2DL1*0040109
SIM043	KIR2DL4	KIR2DL4*0010201+KIR2DL4*0080101
SIM043	KIR3DL1	KIR3DL1*0010103+KIR3DL1*0010103
SIM043	KIR3DL2	KIR3DL2*0020101+KIR3DL2*00701
SIM043	KIR2DS4	KIR2DS4*0030101+KIR2DS4*0030101
SIM043	KIR2DP1	KIR2DP1*0010201+KIR2DP1*007
SIM043	KIR2DS2	KIR2DS2*00101+KIR2DS2*0010124
SIM044	KIR3DL3	KIR3DL3*00201+KIR3DL3*00901
SIM044	KIR2DL3	KIR2DL3*00201+KIR2DL3*00201
SIM044	KIR2DL1	KIR2DL1*00201+KIR2DL1*0040109
SIM044	KIR2DL4	KIR2DL4*0080101+KIR2DL4*0080101
SIM044	KIR3DL1	KIR3DL1*0010103+KIR3DL1*01502
SIM044	KIR3DL2	KIR3DL2*0020101+KIR3DL2*00701
SIM044	KIR2DS4	KIR2DS4*0010101+KIR2DS4*0010101
SIM044	KIR2DP1	KIR2DP1*007+KIR2DP1*007
SIM044	KIR2DS2	KIR2DS2*0010124+KIR2DS2*0010124
SIM045	KIR3DL3	KIR3DL3*0080101+KIR3DL3*0080101
SIM045	KIR2DL3	KIR2DL3*0010101+KIR2DL3*00201
SIM045	KIR2DL2	KIR2DL2*0010102+KIR2DL2*00301
SIM045	KIR2DL1	KIR2DL1*00303+KIR2DL1*00303
SIM045	KIR2DL4	KIR2DL4*0080101+KIR2DL4*0080101
SIM045	KIR3DL1	KIR3DL1*0010103+KIR3DL1*0020103
SIM045	KIR3DL2	KIR3DL2*0010101+KIR3DL2*0010101
SIM045	KIR2DS4	KIR2DS4*0010101+KIR2DS4*0030101
SIM045	KIR2DP1	KIR2DP1*0010201+KIR2DP1*0010201
SIM045	KIR2DS2	KIR2DS2*00101+KIR2DS2*0010124
SIM046	KIR3DL3	KIR3DL3*00201+KIR3DL3*00901
SIM046	KIR2DL3	KIR2DL3*0010101+KIR2DL3*00201
SIM046	KIR2DL2	KIR2DL2*0010102+KIR2DL2*0010102
SIM046	KIR2DL1	KIR2DL1*00302+KIR2DL1*00302
SIM046	KIR2DL4	KIR2DL4*0010201+KIR2DL4*0080101
SIM046	KIR3DL1	KIR3DL1*0010103+KIR3DL1*0020103
SIM046	KIR3DL2	KIR3DL2*0020101+KIR3DL2*00701
SIM046	KIR2DS4	KIR2DS4*0010101+KIR2DS4*0010101
SIM046	KIR2DP1	KIR2DP1*0010201+KIR2DP1*007
SIM046	KIR2DS2	KIR2DS2*00101+KIR2DS2*00101
SIM047	KIR3DL3	KIR3DL3*00901+KIR3DL3*00901
SIM047	KIR2DL3	KIR2DL3*0010101+KIR2DL3*00201
SIM047	KIR2DL2	KIR2DL2*0010102+KIR2DL2*00301
SIM047	KIR2DL1	KIR2DL1*00201+KIR2DL1*00201
SIM047	KIR2DL4	KIR2DL4*0010201+KIR2DL4*0080101
SIM047	KIR3DL1	KIR3DL1*0010103+KIR3DL1*0010103
SIM047	KIR3DL2	KIR3DL2*0020101+KIR3DL2*00701
SIM047	KIR2DS4	KIR2DS4*0010101+KIR2DS4*0010101
SIM047	KIR2DS2	KIR2DS2*00101+KIR2DS2*0010124
SIM048	KIR3DL3	KIR3DL3*0080101+KIR3DL3*00901
SIM048	KIR2DL3	KIR2DL3*0010101+KIR2DL3*00201
SIM048	KIR2DL1	KIR2DL1*00302+KIR2DL1*0040109
SIM048	KIR2DL4	KIR2DL4*0050107+KIR2DL4*0080101
SIM048	KIR3DL1	KIR3DL1*01502+KIR3DL1*01502
SIM048	KIR3DL2	KIR3DL2*0010101+KIR3DL2*0020101
SIM048	KIR2DS4	KIR2DS4*0010101+KIR2DS4*0010101
SIM048	KIR2DP1	KIR2DP1*0010201+KIR2DP1*0010201
SIM049	KIR3DL3	KIR3DL3*00201+KIR3DL3*00906
SIM049	KIR2DL3	KIR2DL3*00201+KIR2DL3*00201
SIM049	KIR2DL4	KIR2DL4*0010201+KIR2DL4*0010201
SIM049	KIR3DL1	KIR3DL1*0020103+KIR3DL1*0020103
SIM049	KIR3DL2	KIR3DL2*0020101+KIR3DL2*0020101
SIM049	KIR2DS4	KIR2DS4*0010101+KIR2DS4*0030101
SIM050	KIR3DL3	KIR3DL3*00201+KIR3DL3*00201
SIM050	KIR2DL3	KIR2DL3*0010101+KIR2DL3*00201
SIM050	KIR2DL2	KIR2DL2*0010102+KIR2DL2*00301
SIM050	KIR2DL4	KIR2DL4*0010201+KIR2DL4*0080101
SIM050	KIR3DL1	KIR3DL1*0010103+KIR3DL1*0010103
SIM050	KIR3DL2	KIR3DL2*0020101+KIR3DL2*0020101
SIM050	KIR2DS4	KIR2DS4*0010101+KIR2DS4*0030101
SIM050	KIR2DP1	KIR2DP1*0010201+KIR2DP1*0010201
SIM050	KIR2DS2	KIR2DS2*00101+KIR2DS2*0010124
SIM051	KIR3DL3	KIR3DL3*00201+KIR3DL3*00901
SIM051	KIR2DL3	KIR2DL3*0010101+KIR2DL3*0010101
SIM051	KIR2DL2	KIR2DL2*0010102+KIR2DL2*00301
SIM051	KIR2DL1	KIR2DL1*00302+KIR2DL1*00303
SIM051	KIR2DL4	KIR2DL4*0050107+KIR2DL4*0050107
SIM051	KIR3DL1	KIR3DL1*0020103+KIR3DL1*0020103
SIM051	KIR3DL2	KIR3DL2*0010101+KIR3DL2*0010101
SIM051	KIR2DS4	KIR2DS4*0010101+KIR2DS4*0030101
SIM051	KIR2DS2	KIR2DS2*00101+KIR2DS2*0010124
SIM052	KIR3DL3	KIR3DL3*0080101+KIR3DL3*00901
SIM052	KIR2DL3	KIR2DL3*0010101+KIR2DL3*0010101
SIM052	KIR2DL2	KIR2DL2*0010102+KIR2DL2*0010102
SIM052	KIR2DL1	KIR2DL1*00302+KIR2DL1*00303
SIM052	KIR2DL4	KIR2DL4*0080101+KIR2DL4*0080101
SIM052	KIR3DL1	KIR3DL1*01502+KIR3DL1*01502
SIM052	KIR3DL2	KIR3DL2*0020101+KIR3DL2*0020101
SIM052	KIR2DS4	KIR2DS4*0010101+KIR2DS4*0010101
SIM052	KIR2DP1	KIR2DP1*0010201+KIR2DP1*007
SIM053	KIR3DL3	KIR3DL3*00201+KIR3DL3*00901
SIM053	KIR2DL3	KIR2DL3*00201+KIR2DL3*006
SIM053	KIR2DL1	KIR2DL1*00201+KIR2DL1*00303
SIM053	KIR2DL4	KIR2DL4*0010201+KIR2DL4*0080101
SIM053	KIR3DL1	KIR3DL1*0010103+KIR3DL1*01502
SIM053	KIR3DL2	KIR3DL2*0010101+KIR3DL2*00701
SIM053	KIR2DP1	KIR2DP1*0010201+KIR2DP1*007
SIM054	KIR3DL3	KIR3DL3*00201+KIR3DL3*0080101
SIM054	KIR2DL3	KIR2DL3*0010101+KIR2DL3*00201
SIM054	KIR2DL1	KIR2DL1*0040109+KIR2DL1*0040109
SIM054	KIR2DL4	KIR2DL4*0080101+KIR2DL4*0080101
SIM054	KIR3DL1	KIR3DL1*0020103+KIR3DL1*01502
SIM054	KIR3DL2	KIR3DL2*0020101+KIR3DL2*00701
SIM054	KIR2DS4	KIR2DS4*0030101+KIR2DS4*0030101
SIM054	KIR2DP1	KIR2DP1*0010201+KIR2DP1*0010201
SIM054	KIR2DS2	KIR2DS2*0010124+KIR2DS2*0010124
SIM055	KIR3DL3	KIR3DL3*00201+KIR3DL3*00201
SIM055	KIR2DL3	KIR2DL3*0010101+KIR2DL3*00201
SIM055	KIR2DL1	KIR2DL1*00201+KIR2DL1*00302
SIM055	KIR2DL4	KIR2DL4*0010201+KIR2DL4*0080101
SIM055	KIR3DL1	KIR3DL1*0020103+KIR3DL1*01502
SIM055	KIR3DL2	KIR3DL2*0010101+KIR3DL2*0010101
SIM055	KIR2DP1	KIR2DP1*0010201+KIR2DP1*007
SIM056	KIR3DL3	KIR3DL3*00201+KIR3DL3*00201
SIM056	KIR2DL3	KIR2DL3*0010101+KIR2DL3*00201
SIM056	KIR2DL2	KIR2DL2*00301+KIR2DL2*00301
SIM056	KIR2DL1	KIR2DL1*0040109+KIR2DL1*0040109
SIM056	KIR2DL4	KIR2DL4*0010201+KIR2DL4*0080101
SIM056	KIR3DL1	KIR3DL1*0010103+KIR3DL1*01502
SIM056	KIR3DL2	KIR3DL2*0010101+KIR3DL2*0020101
SIM056	KIR2DS4	KIR2DS4*0010101+KIR2DS4*0010101
SIM056	KIR2DP1	KIR2DP1*0010201+KIR2DP1*007
SIM056	KIR2DS2	KIR2DS2*0010124+KIR2DS2*0010124
SIM057	KIR3DL3	KIR3DL3*00201+KIR3DL3*00201
SIM057	KIR2DL3	KIR2DL3*0010101+KIR2DL3*006
SIM057	KIR2DL2	KIR2DL2*0010102+KIR2DL2*0010102
SIM057	KIR2DL1	KIR2DL1*00201+KIR2DL1*00201
SIM057	KIR2DL4	KIR2DL4*0050107+KIR2DL4*0080101
SIM057	KIR3DL1	KIR3DL1*0010103+KIR3DL1*0010103
SIM057	KIR3DL2	KIR3DL2*0010101+KIR3DL2*0010101
SIM057	KIR2DS4	KIR2DS4*0030101+KIR2DS4*0030101
SIM057	KIR2DS2	KIR2DS2*0010124+KIR2DS2*0010124
SIM058	KIR3DL3	KIR3DL3*00901+KIR3DL3*00901
SIM058	KIR2DL3	KIR2DL3*0010101+KIR2DL3*0010101
SIM058	KIR2DL1	KIR2DL1*00303+KIR2DL1*0040109
SIM058	KIR2DL4	KIR2DL4*0050107+KIR2DL4*0080101
SIM058	KIR3DL2	KIR3DL2*0010101+KIR3DL2*0020101
SIM058	KIR2DS4	KIR2DS4*0010101+KIR2DS4*0030101
SIM058	KIR2DP1	KIR2DP1*0010201+KIR2DP1*0010201
SIM058	KIR2DS2	KIR2DS2*0010124+KIR2DS2*0010124
SIM059	KIR3DL3	KIR3DL3*00201+KIR3DL3*00901
SIM059	KIR2DL3	KIR2DL3*0010101+KIR2DL3*00201
SIM059	KIR2DL2	KIR2DL2*0010102+KIR2DL2*00301
SIM059	KIR2DL1	KIR2DL1*00302+KIR2DL1*00302
SIM059	KIR2DL4	KIR2DL4*0010201+KIR2DL4*0010201
SIM059	KIR3DL1	KIR3DL1*0010103+KIR3DL1*0020103
SIM059	KIR3DL2	KIR3DL2*0020101+KIR3DL2*0020101
SIM059	KIR2DS4	KIR2DS4*0010101+KIR2DS4*0030101
SIM059	KIR2DP1	KIR2DP1*0010201+KIR2DP1*0010201
SIM059	KIR2DS2	KIR2DS2*00101+KIR2DS2*0010124
SIM060	KIR3DL3	KIR3DL3*00201+KIR3DL3*00201
SIM060	KIR2DL3	KIR2DL3*0010101+KIR2DL3*0010101
SIM060	KIR2DL2	KIR2DL2*0010102+KIR2DL2*00301
SIM060	KIR2DL1	KIR2DL1*00201+KIR2DL1*00302
SIM060	KIR2DL4	KIR2DL4*0050107+KIR2DL4*0080101
SIM060	KIR3DL1	KIR3DL1*0010103+KIR3DL1*0020103
SIM060	KIR3DL2	KIR3DL2*0020101+KIR3DL2*0020101
SIM060	KIR2DS4	KIR2DS4*0010101+KIR2DS4*0030101
SIM060	KIR2DP1	KIR2DP1*0010201+KIR2DP1*0010201
